structure,exfoliation_en
"Full Formula (Al1 Te1 I7)
Reduced Formula: AlTeI7
abc   :   7.215175   6.925214  28.861058
angles:  90.000000 105.749336  87.018804
pbc   :       True       True       True
Sites (9)
  #  SP           a         b         c  velocities
---  ----  --------  --------  --------  ---------------
  0  Al    0.697141  0.005738  0.198149  [0.0, 0.0, 0.0]
  1  Te    0.006139  0.581254  0.291327  [0.0, 0.0, 0.0]
  2  I     0.447917  0.912425  0.124033  [0.0, 0.0, 0.0]
  3  I     0.701749  0.378388  0.19825   [0.0, 0.0, 0.0]
  4  I     0.038136  0.856293  0.201785  [0.0, 0.0, 0.0]
  5  I     0.620428  0.886251  0.276117  [0.0, 0.0, 0.0]
  6  I     0.308949  0.336062  0.280816  [0.0, 0.0, 0.0]
  7  I     0.889585  0.36294   0.358852  [0.0, 0.0, 0.0]
  8  I     0.227855  0.828448  0.358153  [0.0, 0.0, 0.0]",95.51380555555555
"Full Formula (Co1 Cl2 O8)
Reduced Formula: Co(ClO4)2
abc   :   4.771842   4.771842  26.356208
angles:  90.000000  90.000000 120.000000
pbc   :       True       True       True
Sites (11)
  #  SP            a          b         c  velocities
---  ----  ---------  ---------  --------  ---------------
  0  Co     0.666667   0.333333  0.5       [0.0, 0.0, 0.0]
  1  Cl     0.333333   0.666667  0.566875  [0.0, 0.0, 0.0]
  2  Cl    -0         -0         0.433125  [0.0, 0.0, 0.0]
  3  O      0.616628   0.962531  0.546969  [0.0, 0.0, 0.0]
  4  O      0.345901   0.383372  0.546969  [0.0, 0.0, 0.0]
  5  O      0.037469   0.654099  0.546969  [0.0, 0.0, 0.0]
  6  O      0.295864   0.012568  0.453032  [0.0, 0.0, 0.0]
  7  O      0.716705   0.704136  0.453032  [0.0, 0.0, 0.0]
  8  O      0.987432   0.283295  0.453032  [0.0, 0.0, 0.0]
  9  O      0.333333   0.666667  0.620472  [0.0, 0.0, 0.0]
 10  O     -0          0         0.379528  [0.0, 0.0, 0.0]",26.426545454545813
"Full Formula (V1 Br2)
Reduced Formula: VBr2
abc   :   3.803995   3.803995  26.721105
angles:  90.000000  90.000000 119.999999
pbc   :       True       True       True
Sites (3)
  #  SP           a         b         c  velocities
---  ----  --------  --------  --------  ---------------
  0  V     0.378472  0.009111  0.125764  [0.0, 0.0, 0.0]
  1  Br    0.711805  0.675779  0.180464  [0.0, 0.0, 0.0]
  2  Br    0.045139  0.342445  0.071063  [0.0, 0.0, 0.0]",76.94366666666718
"Full Formula (Nb1 S2)
Reduced Formula: NbS2
abc   :   3.393410   3.393410  26.171842
angles:  90.000000  90.000000 120.000007
pbc   :       True       True       True
Sites (3)
  #  SP           a         b         c  velocities
---  ----  --------  --------  --------  ---------------
  0  Nb    0.441379  0.055163  0.11791   [0.0, 0.0, 0.0]
  1  S     0.774712  0.72183   0.177051  [0.0, 0.0, 0.0]
  2  S     0.108046  0.388495  0.058769  [0.0, 0.0, 0.0]",96.62900000000008
"Full Formula (Er1 Ag1 P2 Se6)
Reduced Formula: ErAg(PSe3)2
abc   :   6.598061   6.598061  27.231708
angles:  90.000000  90.000000 120.000005
pbc   :       True       True       True
Sites (10)
  #  SP           a         b         c  velocities
---  ----  --------  --------  --------  ---------------
  0  Er    0         0         0.139834  [0.0, 0.0, 0.0]
  1  Ag    0.333333  0.666667  0.139834  [0.0, 0.0, 0.0]
  2  P     0.666667  0.333333  0.097823  [0.0, 0.0, 0.0]
  3  P     0.666667  0.333333  0.181845  [0.0, 0.0, 0.0]
  4  Se    0.677283  0.658626  0.073356  [0.0, 0.0, 0.0]
  5  Se    0.341374  0.018657  0.073356  [0.0, 0.0, 0.0]
  6  Se    0.981343  0.322717  0.073356  [0.0, 0.0, 0.0]
  7  Se    0.341374  0.322717  0.206312  [0.0, 0.0, 0.0]
  8  Se    0.677283  0.018657  0.206312  [0.0, 0.0, 0.0]
  9  Se    0.981343  0.658626  0.206312  [0.0, 0.0, 0.0]",77.70775000000008
"Full Formula (Nb3 Ir1 Se8)
Reduced Formula: Nb3IrSe8
abc   :   6.939257   6.939369  23.684104
angles:  90.514742  90.178652 119.663245
pbc   :       True       True       True
Sites (12)
  #  SP           a         b         c  velocities
---  ----  --------  --------  --------  ---------------
  0  Nb    0.478748  0.47839   0.499614  [0.0, 0.0, 0.0]
  1  Nb    0.465791  0.999693  0.500616  [0.0, 0.0, 0.0]
  2  Nb    0.999907  0.46537   0.498552  [0.0, 0.0, 0.0]
  3  Ir    0.048398  0.048052  0.499606  [0.0, 0.0, 0.0]
  4  Se    0.346024  0.1817    0.577311  [0.0, 0.0, 0.0]
  5  Se    0.322991  0.660422  0.570764  [0.0, 0.0, 0.0]
  6  Se    0.853413  0.696492  0.55884   [0.0, 0.0, 0.0]
  7  Se    0.175719  0.339306  0.421902  [0.0, 0.0, 0.0]
  8  Se    0.654919  0.316865  0.428412  [0.0, 0.0, 0.0]
  9  Se    0.691981  0.848204  0.440373  [0.0, 0.0, 0.0]
 10  Se    0.832089  0.153177  0.568776  [0.0, 0.0, 0.0]
 11  Se    0.147823  0.826113  0.430402  [0.0, 0.0, 0.0]",88.04341666666637
"Full Formula (Zn1 W1 O4)
Reduced Formula: ZnWO4
abc   :   4.569660   4.570259  21.647906
angles:  90.000000  83.063896  90.003919
pbc   :       True       True       True
Sites (6)
  #  SP           a         b         c  velocities
---  ----  --------  --------  --------  ---------------
  0  Zn    0.96317   0.49997   0.036755  [0.0, 0.0, 0.0]
  1  W     0.463235  0.999994  0.036771  [0.0, 0.0, 0.0]
  2  O     0.723372  0.766354  0.990812  [0.0, 0.0, 0.0]
  3  O     0.670639  0.233802  0.082731  [0.0, 0.0, 0.0]
  4  O     0.203238  0.766167  0.08272   [0.0, 0.0, 0.0]
  5  O     0.255739  0.233714  0.990818  [0.0, 0.0, 0.0]",140.2239999999999
"Full Formula (W1 O2)
Reduced Formula: WO2
abc   :   2.979627   2.979627  31.039334
angles:  90.000000  90.000000 119.999991
pbc   :       True       True       True
Sites (3)
  #  SP           a         b         c  velocities
---  ----  --------  --------  --------  ---------------
  0  W     0.666667  0.333333  0.266742  [0.0, 0.0, 0.0]
  1  O     0.666667  0.333333  0.208801  [0.0, 0.0, 0.0]
  2  O     0.666667  0.333333  0.324684  [0.0, 0.0, 0.0]",102.65783333333277
"Full Formula (Hf2 Br2 N2)
Reduced Formula: HfBrN
abc   :   3.568148   4.111010  25.912796
angles:  90.000000  90.000000  90.000000
pbc   :       True       True       True
Sites (6)
  #  SP      a    b         c  velocities
---  ----  ---  ---  --------  ---------------
  0  Br    0    0    0.227723  [0.0, 0.0, 0.0]
  1  Br    0.5  0.5  0.000458  [0.0, 0.0, 0.0]
  2  Hf    0    0.5  0.080618  [0.0, 0.0, 0.0]
  3  Hf    0.5  0    0.147563  [0.0, 0.0, 0.0]
  4  N     0.5  0.5  0.125871  [0.0, 0.0, 0.0]
  5  N     0    0    0.10231   [0.0, 0.0, 0.0]",42.299666666665736
"Full Formula (P8 Se10)
Reduced Formula: P4Se5
abc   :   6.567275  13.046883  31.813496
angles:  90.000000  90.000000  90.000000
pbc   :       True       True       True
Sites (18)
  #  SP            a         b         c  velocities
---  ----  ---------  --------  --------  ---------------
  0  P      0.593297  0.933031  0.170509  [0.0, 0.0, 0.0]
  1  P     -0.093297  0.433031  0.170509  [0.0, 0.0, 0.0]
  2  P      0.907881  0.880354  0.193395  [0.0, 0.0, 0.0]
  3  P      0.592119  0.380354  0.193395  [0.0, 0.0, 0.0]
  4  P      0.487804  0.913044  0.238108  [0.0, 0.0, 0.0]
  5  P      0.012196  0.413044  0.238108  [0.0, 0.0, 0.0]
  6  P      0.534342  0.672367  0.187226  [0.0, 0.0, 0.0]
  7  P     -0.034342  0.172367  0.187226  [0.0, 0.0, 0.0]
  8  Se     0.45889   0.797853  0.137308  [0.0, 0.0, 0.0]
  9  Se     0.04111   0.297853  0.137308  [0.0, 0.0, 0.0]
 10  Se     0.874945  0.703638  0.195575  [0.0, 0.0, 0.0]
 11  Se     0.625055  0.203638  0.195575  [0.0, 0.0, 0.0]
 12  Se     0.37906   0.745955  0.244739  [0.0, 0.0, 0.0]
 13  Se     0.12094   0.245955  0.244739  [0.0, 0.0, 0.0]
 14  Se     0.817997  0.941961  0.259381  [0.0, 0.0, 0.0]
 15  Se     0.682003  0.441961  0.259381  [0.0, 0.0, 0.0]
 16  Se     0.274551  0.010428  0.268983  [0.0, 0.0, 0.0]
 17  Se     0.225449  0.510428  0.268983  [0.0, 0.0, 0.0]",114.36422222222208
"Full Formula (K1 C1 N1)
Reduced Formula: KCN
abc   :   4.493046   4.610865  25.229401
angles:  90.000000  90.000000  97.974637
pbc   :       True       True       True
Sites (3)
  #  SP           a          b         c  velocities
---  ----  --------  ---------  --------  ---------------
  0  C     0.380106   0.084912  0.338651  [0.0, 0.0, 0.0]
  1  K     0.953622   0.508271  0.338791  [0.0, 0.0, 0.0]
  2  N     0.543915  -0.093183  0.339205  [0.0, 0.0, 0.0]",159.07466666666716
"Full Formula (Nd1 I2)
Reduced Formula: NdI2
abc   :   3.866220   3.866220  25.681783
angles:  90.000000  90.000000  90.000000
pbc   :       True       True       True
Sites (3)
  #  SP           a         b         c  velocities
---  ----  --------  --------  --------  ---------------
  0  Nd    0.019101  0.019101  0.084072  [0.0, 0.0, 0.0]
  1  I     0.519101  0.519101  0.010401  [0.0, 0.0, 0.0]
  2  I     0.519101  0.519101  0.157743  [0.0, 0.0, 0.0]",98.5984000000002
"Full Formula (Ta2 Pd1 Se6)
Reduced Formula: Ta2PdSe6
abc   :   3.400334   9.701743  23.942664
angles:  97.280089  90.000000 100.092826
pbc   :       True       True       True
Sites (9)
  #  SP           a         b         c  velocities
---  ----  --------  --------  --------  ---------------
  0  Pd    0.5       0         0.082336  [0.0, 0.0, 0.0]
  1  Se    0.5662    0.1324    0.999775  [0.0, 0.0, 0.0]
  2  Se    0.616823  0.233646  0.140725  [0.0, 0.0, 0.0]
  3  Se    0.733583  0.467166  0.024381  [0.0, 0.0, 0.0]
  4  Se    0.266417  0.532834  0.14029   [0.0, 0.0, 0.0]
  5  Se    0.4338    0.8676    0.164896  [0.0, 0.0, 0.0]
  6  Se    0.383177  0.766354  0.023947  [0.0, 0.0, 0.0]
  7  Ta    0.145373  0.290747  0.062983  [0.0, 0.0, 0.0]
  8  Ta    0.854627  0.709253  0.101688  [0.0, 0.0, 0.0]",88.29988888888884
"Full Formula (Bi2 Pb1 Se4)
Reduced Formula: Bi2PbSe4
abc   :   4.221002   4.221002  30.639840
angles:  90.000000  90.000000 119.999993
pbc   :       True       True       True
Sites (7)
  #  SP            a         b         c  velocities
---  ----  ---------  --------  --------  ---------------
  0  Bi    -0         0         0.375741  [0.0, 0.0, 0.0]
  1  Bi     0.666667  0.333333  0.624261  [0.0, 0.0, 0.0]
  2  Pb     0.333333  0.666667  0.500001  [0.0, 0.0, 0.0]
  3  Se     0.333333  0.666667  0.325514  [0.0, 0.0, 0.0]
  4  Se     0.666667  0.333333  0.439148  [0.0, 0.0, 0.0]
  5  Se     0         0         0.560852  [0.0, 0.0, 0.0]
  6  Se     0.333333  0.666667  0.674486  [0.0, 0.0, 0.0]",48.72114285714302
"Full Formula (Rb2 Mn2 P2)
Reduced Formula: RbMnP
abc   :   3.812761   3.812761  29.187673
angles:  90.000000  90.000000  90.000000
pbc   :       True       True       True
Sites (6)
  #  SP           a         b         c  velocities
---  ----  --------  --------  --------  ---------------
  0  Rb    0.457746  0.957746  0.303537  [0.0, 0.0, 0.0]
  1  Rb    0.957746  0.457746  0.079764  [0.0, 0.0, 0.0]
  2  Mn    0.957746  0.957746  0.191651  [0.0, 0.0, 0.0]
  3  Mn    0.457746  0.457746  0.191651  [0.0, 0.0, 0.0]
  4  P     0.957746  0.457746  0.235217  [0.0, 0.0, 0.0]
  5  P     0.457746  0.957746  0.148084  [0.0, 0.0, 0.0]",50.64616666666666
"Full Formula (Bi2 Te4 Pb1)
Reduced Formula: Bi2Te4Pb
abc   :   4.465918   4.465918  31.417273
angles:  90.000000  90.000000 120.000001
pbc   :       True       True       True
Sites (7)
  #  SP            a         b         c  velocities
---  ----  ---------  --------  --------  ---------------
  0  Bi    -0         0         0.371723  [0.0, 0.0, 0.0]
  1  Bi     0.666667  0.333333  0.628276  [0.0, 0.0, 0.0]
  2  Te     0.333333  0.666667  0.317645  [0.0, 0.0, 0.0]
  3  Te     0.666667  0.333333  0.437133  [0.0, 0.0, 0.0]
  4  Te     0         0         0.562866  [0.0, 0.0, 0.0]
  5  Te     0.333333  0.666667  0.682355  [0.0, 0.0, 0.0]
  6  Pb     0.333333  0.666667  0.5       [0.0, 0.0, 0.0]",55.666628571428674
"Full Formula (Sm2 S2)
Reduced Formula: SmS
abc   :   3.913088   3.913088  25.299495
angles:  90.000000  90.000000  90.000000
pbc   :       True       True       True
Sites (4)
  #  SP      a     b         c  velocities
---  ----  ---  ----  --------  ---------------
  0  Sm    0.5   0.5  0.163383  [0.0, 0.0, 0.0]
  1  Sm    0    -0    0.257564  [0.0, 0.0, 0.0]
  2  S     0     0    0.14572   [0.0, 0.0, 0.0]
  3  S     0.5   0.5  0.275227  [0.0, 0.0, 0.0]",62.388999999999584
"Full Formula (Ti2 Br2 O2)
Reduced Formula: TiBrO
abc   :   3.377602   4.042665  25.238364
angles:  90.000000  90.000000  90.000000
pbc   :       True       True       True
Sites (6)
  #  SP      a    b         c  velocities
---  ----  ---  ---  --------  ---------------
  0  Ti    0    0.5  0.474389  [0.0, 0.0, 0.0]
  1  Ti    0.5  0    0.525611  [0.0, 0.0, 0.0]
  2  Br    0.5  0.5  0.396751  [0.0, 0.0, 0.0]
  3  Br    0    0    0.603249  [0.0, 0.0, 0.0]
  4  O     0    0    0.478647  [0.0, 0.0, 0.0]
  5  O     0.5  0.5  0.521353  [0.0, 0.0, 0.0]",43.11466666666686
"Full Formula (Pd6 S6 Cl6)
Reduced Formula: PdSCl
abc   :   7.810902   8.967656  28.683518
angles:  90.000000  90.000000 109.869035
pbc   :       True       True       True
Sites (18)
  #  SP           a         b         c  velocities
---  ----  --------  --------  --------  ---------------
  0  Pd    0.592513  0.554759  0.059565  [0.0, 0.0, 0.0]
  1  Pd    0.894804  0.909794  0.059348  [0.0, 0.0, 0.0]
  2  Pd    0.148983  0.793492  0.110547  [0.0, 0.0, 0.0]
  3  Pd    0.84592   0.436319  0.110547  [0.0, 0.0, 0.0]
  4  Pd    0.894804  0.909794  0.161746  [0.0, 0.0, 0.0]
  5  Pd    0.592513  0.554759  0.161529  [0.0, 0.0, 0.0]
  6  S     0.855831  0.679553  0.01834   [0.0, 0.0, 0.0]
  7  S     0.042524  0.593749  0.055936  [0.0, 0.0, 0.0]
  8  S     0.585205  0.806432  0.072918  [0.0, 0.0, 0.0]
  9  S     0.585205  0.806432  0.148176  [0.0, 0.0, 0.0]
 10  S     0.042524  0.593749  0.165158  [0.0, 0.0, 0.0]
 11  S     0.855831  0.679553  0.202755  [0.0, 0.0, 0.0]
 12  Cl    0.639054  0.306762  0.048619  [0.0, 0.0, 0.0]
 13  Cl    0.217656  0.98819   0.049172  [0.0, 0.0, 0.0]
 14  Cl    0.917846  0.127096  0.110547  [0.0, 0.0, 0.0]
 15  Cl    0.33656   0.440486  0.110547  [0.0, 0.0, 0.0]
 16  Cl    0.217656  0.98819   0.171923  [0.0, 0.0, 0.0]
 17  Cl    0.639054  0.306762  0.172475  [0.0, 0.0, 0.0]",88.21197222222233
"Full Formula (Co1 Cl2)
Reduced Formula: CoCl2
abc   :   3.470087   3.470087  22.244725
angles:  90.000000  90.000000 120.000001
pbc   :       True       True       True
Sites (3)
  #  SP           a         b         c  velocities
---  ----  --------  --------  --------  ---------------
  0  Co    0.666667  0.333333  0.273394  [0.0, 0.0, 0.0]
  1  Cl    0         0         0.212213  [0.0, 0.0, 0.0]
  2  Cl    0.333333  0.666667  0.334575  [0.0, 0.0, 0.0]",67.44563333333353
"Full Formula (Co1 O2)
Reduced Formula: CoO2
abc   :   2.816735   2.816824  21.895317
angles:  88.455558  89.319042  60.001072
pbc   :       True       True       True
Sites (3)
  #  SP           a         b         c  velocities
---  ----  --------  --------  --------  ---------------
  0  Co    0.009229  0.951619  0.043114  [0.0, 0.0, 0.0]
  1  O     0.341844  0.294252  0.000408  [0.0, 0.0, 0.0]
  2  O     0.676611  0.608981  0.085811  [0.0, 0.0, 0.0]",62.872666666666355
"Full Formula (Co1 O2)
Reduced Formula: CoO2
abc   :   2.871736   2.871736  25.455227
angles:  90.000000  90.000000 119.999998
pbc   :       True       True       True
Sites (3)
  #  SP           a         b         c  velocities
---  ----  --------  --------  --------  ---------------
  0  Co    0.666667  0.333333  0.102683  [0.0, 0.0, 0.0]
  1  O     0.666667  0.333333  0.040384  [0.0, 0.0, 0.0]
  2  O     0.666667  0.333333  0.164981  [0.0, 0.0, 0.0]",49.874333333333354
"Full Formula (Bi1 Te1 Cl1)
Reduced Formula: BiTeCl
abc   :   4.278415   4.278414  28.141645
angles:  90.000000  90.000000 119.999996
pbc   :       True       True       True
Sites (3)
  #  SP           a         b         c  velocities
---  ----  --------  --------  --------  ---------------
  0  Bi    0.333333  0.666667  0.068109  [0.0, 0.0, 0.0]
  1  Te    0.666667  0.333333  0.131704  [0.0, 0.0, 0.0]
  2  Cl    0         0         0.010289  [0.0, 0.0, 0.0]",104.20819999999998
"Full Formula (V1 Br2 O1)
Reduced Formula: VBr2O
abc   :   3.619292   3.632190  26.254524
angles:  90.000000  90.000000  90.000000
pbc   :       True       True       True
Sites (4)
  #  SP      a    b         c  velocities
---  ----  ---  ---  --------  ---------------
  0  V     0.5  0.5  0.271468  [0.0, 0.0, 0.0]
  1  Br    0.5  0    0.203214  [0.0, 0.0, 0.0]
  2  Br    0.5  0    0.339722  [0.0, 0.0, 0.0]
  3  O     0    0.5  0.271468  [0.0, 0.0, 0.0]",67.6610000000002
"Full Formula (C2)
Reduced Formula: C
abc   :   2.464194   2.464194  30.803073
angles:  90.000000  90.000000 119.999987
pbc   :       True       True       True
Sites (2)
  #  SP           a         b        c  velocities
---  ----  --------  --------  -------  ---------------
  0  C     0         0         0.06333  [0.0, 0.0, 0.0]
  1  C     0.333333  0.666667  0.06333  [0.0, 0.0, 0.0]",70.35500000000106
"Full Formula (K2 Tl2 O2)
Reduced Formula: KTlO
abc   :   6.121361   3.729205  24.836918
angles:  90.000000  98.514780  90.000000
pbc   :       True       True       True
Sites (6)
  #  SP           a    b         c  velocities
---  ----  --------  ---  --------  ---------------
  0  K     0.311254  0    0.067497  [0.0, 0.0, 0.0]
  1  K     0.541999  0.5  0.188235  [0.0, 0.0, 0.0]
  2  Tl    0.800903  0.5  0.070665  [0.0, 0.0, 0.0]
  3  Tl    0.05235   0    0.185067  [0.0, 0.0, 0.0]
  4  O     0.152307  0.5  0.125299  [0.0, 0.0, 0.0]
  5  O     0.700946  0    0.130432  [0.0, 0.0, 0.0]",110.68334999999996
"Full Formula (In2 Se2)
Reduced Formula: InSe
abc   :   4.069266   5.947395  20.091244
angles:  84.255800  83.968797  69.988848
pbc   :       True       True       True
Sites (4)
  #  SP           a         b         c  velocities
---  ----  --------  --------  --------  ---------------
  0  In    0.008793  0.03097   0.948847  [0.0, 0.0, 0.0]
  1  In    0.264522  0.5549    0.9145    [0.0, 0.0, 0.0]
  2  Se    0.888093  0.379039  0.845912  [0.0, 0.0, 0.0]
  3  Se    0.385205  0.206854  0.017436  [0.0, 0.0, 0.0]",151.9247374999999
"Full Formula (Ti2 Te2 P1)
Reduced Formula: Ti2Te2P
abc   :   3.646760   3.646760  26.277492
angles:  90.000000  90.000000 120.000000
pbc   :       True       True       True
Sites (5)
  #  SP            a          b         c  velocities
---  ----  ---------  ---------  --------  ---------------
  0  Ti    -0         -0         0.449469  [0.0, 0.0, 0.0]
  1  Ti     0.666667   0.333333  0.550531  [0.0, 0.0, 0.0]
  2  Te     0.666667   0.333333  0.37977   [0.0, 0.0, 0.0]
  3  Te     0          0         0.62023   [0.0, 0.0, 0.0]
  4  P      0.333333   0.666667  0.500001  [0.0, 0.0, 0.0]",58.84739999999944
"Full Formula (Ag1 N1 O2)
Reduced Formula: AgNO2
abc   :   3.158280   4.899238  26.334500
angles:  90.000000  90.000000  90.000000
pbc   :       True       True       True
Sites (4)
  #  SP      a         b         c  velocities
---  ----  ---  --------  --------  ---------------
  0  Ag    0.5  0.543195  0.12027   [0.0, 0.0, 0.0]
  1  N     0.5  0.107803  0.12027   [0.0, 0.0, 0.0]
  2  O     0.5  0.974551  0.161023  [0.0, 0.0, 0.0]
  3  O     0.5  0.974551  0.079517  [0.0, 0.0, 0.0]",136.5129999999999
"Full Formula (Ti1 Se2)
Reduced Formula: TiSe2
abc   :   3.535874   3.535874  30.693806
angles:  90.000000  90.000000 120.000001
pbc   :       True       True       True
Sites (3)
  #  SP           a         b         c  velocities
---  ----  --------  --------  --------  ---------------
  0  Ti    0         0         0.145389  [0.0, 0.0, 0.0]
  1  Se    0.333333  0.666667  0.19574   [0.0, 0.0, 0.0]
  2  Se    0.666667  0.333333  0.095038  [0.0, 0.0, 0.0]",94.48466666666721
"Full Formula (Cd1 Br2)
Reduced Formula: CdBr2
abc   :   4.012260   4.012259  30.255037
angles:  90.000000  90.000000 120.000001
pbc   :       True       True       True
Sites (3)
  #  SP           a         b         c  velocities
---  ----  --------  --------  --------  ---------------
  0  Cd    0.426373  0.353578  0.23434   [0.0, 0.0, 0.0]
  1  Br    0.093038  0.686912  0.181946  [0.0, 0.0, 0.0]
  2  Br    0.759706  0.020245  0.286797  [0.0, 0.0, 0.0]",76.00554166666666
"Full Formula (Ti2 S6)
Reduced Formula: TiS3
abc   :   5.022497   3.411773  29.517814
angles:  90.000000  95.775325  90.000000
pbc   :       True       True       True
Sites (8)
  #  SP           a     b         c  velocities
---  ----  --------  ----  --------  ---------------
  0  Ti    0.723083  0.25  0.115632  [0.0, 0.0, 0.0]
  1  Ti    0.276917  0.75  0.206811  [0.0, 0.0, 0.0]
  2  S     0.896499  0.75  0.064165  [0.0, 0.0, 0.0]
  3  S     0.488932  0.75  0.064143  [0.0, 0.0, 0.0]
  4  S     0.241143  0.25  0.146218  [0.0, 0.0, 0.0]
  5  S     0.758857  0.75  0.176225  [0.0, 0.0, 0.0]
  6  S     0.511068  0.25  0.2583    [0.0, 0.0, 0.0]
  7  S     0.103501  0.25  0.258278  [0.0, 0.0, 0.0]",54.492749999999646
"Full Formula (Fe2 S2)
Reduced Formula: FeS
abc   :   3.581341   3.581341  25.454435
angles:  90.000000  90.000000  90.000000
pbc   :       True       True       True
Sites (4)
  #  SP           a         b         c  velocities
---  ----  --------  --------  --------  ---------------
  0  Fe    0.258497  0.258497  0.107141  [0.0, 0.0, 0.0]
  1  Fe    0.758497  0.758497  0.107141  [0.0, 0.0, 0.0]
  2  S     0.258497  0.758497  0.155364  [0.0, 0.0, 0.0]
  3  S     0.758497  0.258497  0.058918  [0.0, 0.0, 0.0]",85.46425000000025
"Full Formula (Sc1 Ag1 P2 S6)
Reduced Formula: ScAg(PS3)2
abc   :   6.186512   6.186512  24.578943
angles:  90.000000  90.000000 120.000003
pbc   :       True       True       True
Sites (10)
  #  SP           a         b         c  velocities
---  ----  --------  --------  --------  ---------------
  0  Sc    0         0         0.148287  [0.0, 0.0, 0.0]
  1  Ag    0.333333  0.666667  0.148287  [0.0, 0.0, 0.0]
  2  P     0.666667  0.333333  0.102846  [0.0, 0.0, 0.0]
  3  P     0.666667  0.333333  0.193727  [0.0, 0.0, 0.0]
  4  S     0.336387  0.305201  0.079788  [0.0, 0.0, 0.0]
  5  S     0.694799  0.031186  0.079788  [0.0, 0.0, 0.0]
  6  S     0.968814  0.663613  0.079788  [0.0, 0.0, 0.0]
  7  S     0.968814  0.305201  0.216786  [0.0, 0.0, 0.0]
  8  S     0.694799  0.663613  0.216786  [0.0, 0.0, 0.0]
  9  S     0.336387  0.031186  0.216786  [0.0, 0.0, 0.0]",69.55804999999992
"Full Formula (Ge1 Te1)
Reduced Formula: GeTe
abc   :   3.925353   3.925508  21.478663
angles:  90.000000  90.000000 120.005826
pbc   :       True       True       True
Sites (2)
  #  SP           a         b         c  velocities
---  ----  --------  --------  --------  ---------------
  0  Ge    1         1         0.459167  [0.0, 0.0, 0.0]
  1  Te    0.333333  0.666666  0.540833  [0.0, 0.0, 0.0]",543.4708000000002
"Full Formula (Nb1 Se2)
Reduced Formula: NbSe2
abc   :   3.501821   3.501821  24.738550
angles:  90.000000  90.000000 120.000008
pbc   :       True       True       True
Sites (3)
  #  SP           a         b         c  velocities
---  ----  --------  --------  --------  ---------------
  0  Nb    0.523874  0.115553  0.136195  [0.0, 0.0, 0.0]
  1  Se    0.190541  0.448886  0.203789  [0.0, 0.0, 0.0]
  2  Se    0.857207  0.78222   0.068602  [0.0, 0.0, 0.0]",101.17833333333337
"Full Formula (Sn1 S2)
Reduced Formula: SnS2
abc   :   3.696278   3.696278  33.328174
angles:  90.000000  90.000000 119.999997
pbc   :       True       True       True
Sites (3)
  #  SP           a          b         c  velocities
---  ----  --------  ---------  --------  ---------------
  0  Sn    0.666667   0.333333  0.299932  [0.0, 0.0, 0.0]
  1  S     0.333333   0.666667  0.255389  [0.0, 0.0, 0.0]
  2  S     0         -0         0.34447   [0.0, 0.0, 0.0]",82.33586666666693
"Full Formula (Ta3 S1 Br7)
Reduced Formula: Ta3SBr7
abc   :   7.109635   7.109661  23.462825
angles:  89.678119  90.000000 119.999731
pbc   :       True       True       True
Sites (11)
  #  SP           a         b         c  velocities
---  ----  --------  --------  --------  ---------------
  0  Br    0.202789  0.912745  0.013676  [0.0, 0.0, 0.0]
  1  Br    0.709959  0.912745  0.013677  [0.0, 0.0, 0.0]
  2  Br    0.539417  0.078836  0.134252  [0.0, 0.0, 0.0]
  3  Br    0.036993  0.580767  0.147747  [0.0, 0.0, 0.0]
  4  Br    0.543769  0.580764  0.147748  [0.0, 0.0, 0.0]
  5  Br    0.037013  0.074024  0.147757  [0.0, 0.0, 0.0]
  6  Br    0.709926  0.419851  0.013663  [0.0, 0.0, 0.0]
  7  S     0.207748  0.415497  0.999222  [0.0, 0.0, 0.0]
  8  Ta    0.341289  0.27919   0.074131  [0.0, 0.0, 0.0]
  9  Ta    0.937899  0.279189  0.074131  [0.0, 0.0, 0.0]
 10  Ta    0.341291  0.682583  0.07413   [0.0, 0.0, 0.0]",87.80081818181796
"Full Formula (Ca2 Cl2 F2)
Reduced Formula: CaClF
abc   :   3.743669   3.743669  24.922670
angles:  90.000000  90.000000  90.000000
pbc   :       True       True       True
Sites (6)
  #  SP       a     b          c  velocities
---  ----  ----  ----  ---------  ---------------
  0  Ca     0.5  -0     0.043368  [0.0, 0.0, 0.0]
  1  Ca    -0     0.5   0.15415   [0.0, 0.0, 0.0]
  2  Cl     0     0.5  -0.005941  [0.0, 0.0, 0.0]
  3  Cl     0.5  -0     0.203459  [0.0, 0.0, 0.0]
  4  F     -0    -0     0.098759  [0.0, 0.0, 0.0]
  5  F      0.5   0.5   0.098759  [0.0, 0.0, 0.0]",75.81966666666685
"Full Formula (Sr2 Bi2 Br2 O4)
Reduced Formula: SrBiBrO2
abc   :   5.639834   5.992652  26.464309
angles:  89.999445  90.000000  90.000000
pbc   :       True       True       True
Sites (10)
  #  SP            a          b         c  velocities
---  ----  ---------  ---------  --------  ---------------
  0  Sr     0.75       0.499982  0.831289  [0.0, 0.0, 0.0]
  1  Sr     0.25       0.500018  0.924445  [0.0, 0.0, 0.0]
  2  Bi     0.25       1.4e-05   0.836956  [0.0, 0.0, 0.0]
  3  Bi     0.75      -1.4e-05   0.918779  [0.0, 0.0, 0.0]
  4  Br     0.75       0.500095  0.985157  [0.0, 0.0, 0.0]
  5  Br     0.25       0.499905  0.770578  [0.0, 0.0, 0.0]
  6  O      1e-06      0.225698  0.877868  [0.0, 0.0, 0.0]
  7  O      0.500001   0.774302  0.877866  [0.0, 0.0, 0.0]
  8  O     -1e-06      0.774302  0.877866  [0.0, 0.0, 0.0]
  9  O      0.499999   0.225698  0.877868  [0.0, 0.0, 0.0]",177.25290000000004
"Full Formula (Zr2 Se6)
Reduced Formula: ZrSe3
abc   :   5.469716   3.771590  31.156126
angles:  90.000000  97.323294  90.000000
pbc   :       True       True       True
Sites (8)
  #  SP           a     b         c  velocities
---  ----  --------  ----  --------  ---------------
  0  Zr    0.71506   0.75  0.11492   [0.0, 0.0, 0.0]
  1  Zr    0.28494   0.25  0.211056  [0.0, 0.0, 0.0]
  2  Se    0.894314  0.25  0.061971  [0.0, 0.0, 0.0]
  3  Se    0.458514  0.25  0.062068  [0.0, 0.0, 0.0]
  4  Se    0.237847  0.75  0.146315  [0.0, 0.0, 0.0]
  5  Se    0.762153  0.25  0.17966   [0.0, 0.0, 0.0]
  6  Se    0.541486  0.75  0.263907  [0.0, 0.0, 0.0]
  7  Se    0.105686  0.75  0.264004  [0.0, 0.0, 0.0]",58.4134999999999
"Full Formula (Br4 O2)
Reduced Formula: Br2O
abc   :   3.905964   7.475640  26.409580
angles:  90.000000  90.000000  90.000000
pbc   :       True       True       True
Sites (6)
  #  SP           a         b         c  velocities
---  ----  --------  --------  --------  ---------------
  0  Br    0.635859  0.318426  0.199511  [0.0, 0.0, 0.0]
  1  Br    0.364141  0.818426  0.194649  [0.0, 0.0, 0.0]
  2  Br    0.396249  0.512451  0.279603  [0.0, 0.0, 0.0]
  3  Br    0.603751  0.012451  0.114556  [0.0, 0.0, 0.0]
  4  O     0.137548  0.691024  0.249851  [0.0, 0.0, 0.0]
  5  O     0.862452  0.191024  0.144308  [0.0, 0.0, 0.0]",173.32328333333348
"Full Formula (Sb2 Br6)
Reduced Formula: SbBr3
abc   :   4.206997   9.983206  25.099441
angles:  90.000000  90.000000  90.000000
pbc   :       True       True       True
Sites (8)
  #  SP           a          b         c  velocities
---  ----  --------  ---------  --------  ---------------
  0  Sb    0.218984   0.499994  0.268416  [0.0, 0.0, 0.0]
  1  Sb    0.718984   6e-06     0.293327  [0.0, 0.0, 0.0]
  2  Br    0.550074   0.316704  0.220243  [0.0, 0.0, 0.0]
  3  Br    0.04355   -0         0.206586  [0.0, 0.0, 0.0]
  4  Br    0.550035   0.683279  0.220238  [0.0, 0.0, 0.0]
  5  Br    0.050035   0.816721  0.341506  [0.0, 0.0, 0.0]
  6  Br    0.54355    0.5       0.355157  [0.0, 0.0, 0.0]
  7  Br    0.050074   0.183296  0.341501  [0.0, 0.0, 0.0]",88.64803749999994
"Full Formula (Ta2 Pd1 S6)
Reduced Formula: Ta2PdS6
abc   :   3.284972   9.301402  23.688514
angles:  97.750251  90.000000 100.170899
pbc   :       True       True       True
Sites (9)
  #  SP           a         b          c  velocities
---  ----  --------  --------  ---------  ---------------
  0  Pd    0.5       0          0.077854  [0.0, 0.0, 0.0]
  1  S     0.732738  0.465475   0.022683  [0.0, 0.0, 0.0]
  2  S     0.617981  0.235963   0.131986  [0.0, 0.0, 0.0]
  3  S     0.566913  0.133827  -0.000278  [0.0, 0.0, 0.0]
  4  S     0.267262  0.534525   0.133025  [0.0, 0.0, 0.0]
  5  S     0.382019  0.764037   0.023723  [0.0, 0.0, 0.0]
  6  S     0.433087  0.866173   0.155987  [0.0, 0.0, 0.0]
  7  Ta    0.147027  0.294054   0.058461  [0.0, 0.0, 0.0]
  8  Ta    0.852973  0.705946   0.097248  [0.0, 0.0, 0.0]",85.53233333333398
"Full Formula (Te8 O18)
Reduced Formula: Te4O9
abc   :   9.422115   9.422115  22.777858
angles:  90.000000  90.000000 120.000001
pbc   :       True       True       True
Sites (26)
  #  SP           a         b         c  velocities
---  ----  --------  --------  --------  ---------------
  0  Te    0.333333  0.666667  0.512234  [0.0, 0.0, 0.0]
  1  Te    0.685598  0.065771  0.550741  [0.0, 0.0, 0.0]
  2  Te    0.380172  0.314402  0.550741  [0.0, 0.0, 0.0]
  3  Te    0.934229  0.619828  0.550741  [0.0, 0.0, 0.0]
  4  Te    0.399104  0.046839  0.44926   [0.0, 0.0, 0.0]
  5  Te    0.647735  0.600896  0.44926   [0.0, 0.0, 0.0]
  6  Te    0.953161  0.352265  0.44926   [0.0, 0.0, 0.0]
  7  Te    0         0         0.487767  [0.0, 0.0, 0.0]
  8  O     0.486828  0.843373  0.561364  [0.0, 0.0, 0.0]
  9  O     0.356546  0.513172  0.561364  [0.0, 0.0, 0.0]
 10  O     0.156627  0.643454  0.561364  [0.0, 0.0, 0.0]
 11  O     0.298192  0.811704  0.457968  [0.0, 0.0, 0.0]
 12  O     0.51351   0.701808  0.457968  [0.0, 0.0, 0.0]
 13  O     0.188296  0.48649   0.457968  [0.0, 0.0, 0.0]
 14  O     0.846506  0.823293  0.438636  [0.0, 0.0, 0.0]
 15  O     0.976788  0.153494  0.438636  [0.0, 0.0, 0.0]
 16  O     0.176707  0.023212  0.438636  [0.0, 0.0, 0.0]
 17  O     0.035141  0.854963  0.542033  [0.0, 0.0, 0.0]
 18  O     0.819823  0.964859  0.542033  [0.0, 0.0, 0.0]
 19  O     0.145037  0.180177  0.542033  [0.0, 0.0, 0.0]
 20  O     0.409815  0.107548  0.530264  [0.0, 0.0, 0.0]
 21  O     0.697733  0.590185  0.530264  [0.0, 0.0, 0.0]
 22  O     0.892452  0.302267  0.530264  [0.0, 0.0, 0.0]
 23  O     0.923518  0.559119  0.469737  [0.0, 0.0, 0.0]
 24  O     0.6356    0.076482  0.469737  [0.0, 0.0, 0.0]
 25  O     0.440881  0.3644    0.469737  [0.0, 0.0, 0.0]",110.77446153846138
"Full Formula (Pd2 Se4)
Reduced Formula: PdSe2
abc   :   5.686705   5.893915  30.585061
angles:  90.000000  90.000000  90.000000
pbc   :       True       True       True
Sites (6)
  #  SP           a         b         c  velocities
---  ----  --------  --------  --------  ---------------
  0  Pd    0.5       0.5       0.163738  [0.0, 0.0, 0.0]
  1  Pd    0         0         0.163738  [0.0, 0.0, 0.0]
  2  Se    0.607406  0.118824  0.189149  [0.0, 0.0, 0.0]
  3  Se    0.107406  0.381176  0.138328  [0.0, 0.0, 0.0]
  4  Se    0.892594  0.618824  0.189149  [0.0, 0.0, 0.0]
  5  Se    0.392594  0.881176  0.138328  [0.0, 0.0, 0.0]",166.23558333333355
"Full Formula (Zr1 Fe1 Cl6)
Reduced Formula: ZrFeCl6
abc   :   6.239776   6.239776  25.339216
angles:  90.000000  90.000000 120.000000
pbc   :       True       True       True
Sites (8)
  #  SP            a          b         c  velocities
---  ----  ---------  ---------  --------  ---------------
  0  Zr     0.666667   0.333333  0.131606  [0.0, 0.0, 0.0]
  1  Fe    -0         -0         0.131606  [0.0, 0.0, 0.0]
  2  Cl     0.330947   0.314714  0.07537   [0.0, 0.0, 0.0]
  3  Cl     0.685286   0.016233  0.07537   [0.0, 0.0, 0.0]
  4  Cl     0.983767   0.669053  0.07537   [0.0, 0.0, 0.0]
  5  Cl     0.685286   0.669053  0.187843  [0.0, 0.0, 0.0]
  6  Cl     0.983767   0.314714  0.187843  [0.0, 0.0, 0.0]
  7  Cl     0.330947   0.016233  0.187843  [0.0, 0.0, 0.0]",72.04162500000022
"Full Formula (Mo2 O6)
Reduced Formula: MoO3
abc   :   3.696882   3.893860  28.497100
angles:  90.000000  90.000000  90.000000
pbc   :       True       True       True
Sites (8)
  #  SP       a         b         c  velocities
---  ----  ----  --------  --------  ---------------
  0  Mo    0.25  0.431436  0.324004  [0.0, 0.0, 0.0]
  1  Mo    0.75  0.568564  0.21981   [0.0, 0.0, 0.0]
  2  O     0.25  0.466915  0.382591  [0.0, 0.0, 0.0]
  3  O     0.75  0.533085  0.161222  [0.0, 0.0, 0.0]
  4  O     0.25  0.497766  0.238833  [0.0, 0.0, 0.0]
  5  O     0.75  0.502234  0.30498   [0.0, 0.0, 0.0]
  6  O     0.25  0.981867  0.315661  [0.0, 0.0, 0.0]
  7  O     0.75  0.018133  0.228152  [0.0, 0.0, 0.0]",45.94237500000009
"Full Formula (Ta2 C1 S2)
Reduced Formula: Ta2CS2
abc   :   3.291912   3.291912  28.865106
angles:  90.000000  90.000000 119.999993
pbc   :       True       True       True
Sites (5)
  #  SP           a         b         c  velocities
---  ----  --------  --------  --------  ---------------
  0  Ta    0.333333  0.666667  0.292193  [0.0, 0.0, 0.0]
  1  Ta    0         0         0.374474  [0.0, 0.0, 0.0]
  2  C     0.666667  0.333333  0.333333  [0.0, 0.0, 0.0]
  3  S     0         0         0.235968  [0.0, 0.0, 0.0]
  4  S     0.333333  0.666667  0.430699  [0.0, 0.0, 0.0]",49.968400000000024
"Full Formula (Ni1 O2)
Reduced Formula: NiO2
abc   :   2.820670   2.820670  24.654817
angles:  90.000000  90.000000 119.999999
pbc   :       True       True       True
Sites (3)
  #  SP           a         b         c  velocities
---  ----  --------  --------  --------  ---------------
  0  Ni    0.30696   0.956761  0.0944    [0.0, 0.0, 0.0]
  1  O     0.973627  0.290094  0.132671  [0.0, 0.0, 0.0]
  2  O     0.640293  0.623428  0.056128  [0.0, 0.0, 0.0]",57.782666666666316
